{
  "About Us-1" : {
    "transaction" : "About Us-1",
    "sampleCount" : 150,
    "errorCount" : 0,
    "errorPct" : 0.0,
    "meanResTime" : 156.7666666666667,
    "medianResTime" : 90.0,
    "minResTime" : 15.0,
    "maxResTime" : 1777.0,
    "pct1ResTime" : 287.6,
    "pct2ResTime" : 420.5999999999997,
    "pct3ResTime" : 1644.9100000000024,
    "throughput" : 16.75977653631285,
    "receivedKBytesPerSec" : 976.0933135474861,
    "sentKBytesPerSec" : 2.1931738826815645
  },
  "Students/feeStructure" : {
    "transaction" : "Students/feeStructure",
    "sampleCount" : 150,
    "errorCount" : 0,
    "errorPct" : 0.0,
    "meanResTime" : 203.10666666666665,
    "medianResTime" : 130.0,
    "minResTime" : 34.0,
    "maxResTime" : 1246.0,
    "pct1ResTime" : 417.70000000000005,
    "pct2ResTime" : 571.6999999999999,
    "pct3ResTime" : 1233.7600000000002,
    "throughput" : 16.776646907504755,
    "receivedKBytesPerSec" : 1065.0221766301308,
    "sentKBytesPerSec" : 4.7184319427357115
  },
  "HomePage-0" : {
    "transaction" : "HomePage-0",
    "sampleCount" : 150,
    "errorCount" : 0,
    "errorPct" : 0.0,
    "meanResTime" : 281.31333333333333,
    "medianResTime" : 15.0,
    "minResTime" : 10.0,
    "maxResTime" : 3633.0,
    "pct1ResTime" : 630.6000000000018,
    "pct2ResTime" : 2551.6999999999907,
    "pct3ResTime" : 3615.6600000000003,
    "throughput" : 14.30615164520744,
    "receivedKBytesPerSec" : 7.854412553648069,
    "sentKBytesPerSec" : 1.662531294706724
  },
  "About Us-0" : {
    "transaction" : "About Us-0",
    "sampleCount" : 150,
    "errorCount" : 0,
    "errorPct" : 0.0,
    "meanResTime" : 29.29333333333334,
    "medianResTime" : 14.0,
    "minResTime" : 12.0,
    "maxResTime" : 300.0,
    "pct1ResTime" : 37.80000000000001,
    "pct2ResTime" : 146.5999999999981,
    "pct3ResTime" : 297.96000000000004,
    "throughput" : 16.80672268907563,
    "receivedKBytesPerSec" : 9.847798494397757,
    "sentKBytesPerSec" : 2.264968487394958
  },
  "HomePage-1" : {
    "transaction" : "HomePage-1",
    "sampleCount" : 150,
    "errorCount" : 0,
    "errorPct" : 0.0,
    "meanResTime" : 584.8933333333331,
    "medianResTime" : 173.5,
    "minResTime" : 39.0,
    "maxResTime" : 5738.0,
    "pct1ResTime" : 2529.600000000002,
    "pct2ResTime" : 2954.599999999999,
    "pct3ResTime" : 4667.000000000019,
    "throughput" : 14.550392860607237,
    "receivedKBytesPerSec" : 1218.1435441725678,
    "sentKBytesPerSec" : 1.6340773232127268
  },
  "Gallery-1" : {
    "transaction" : "Gallery-1",
    "sampleCount" : 150,
    "errorCount" : 0,
    "errorPct" : 0.0,
    "meanResTime" : 284.7466666666667,
    "medianResTime" : 205.5,
    "minResTime" : 33.0,
    "maxResTime" : 2207.0,
    "pct1ResTime" : 565.2,
    "pct2ResTime" : 736.0,
    "pct3ResTime" : 1742.9000000000083,
    "throughput" : 16.782277914522265,
    "receivedKBytesPerSec" : 2214.572349099351,
    "sentKBytesPerSec" : 2.196118398970687
  },
  "Gallery-0" : {
    "transaction" : "Gallery-0",
    "sampleCount" : 150,
    "errorCount" : 0,
    "errorPct" : 0.0,
    "meanResTime" : 22.526666666666667,
    "medianResTime" : 14.0,
    "minResTime" : 11.0,
    "maxResTime" : 282.0,
    "pct1ResTime" : 31.0,
    "pct2ResTime" : 54.799999999999955,
    "pct3ResTime" : 276.9000000000001,
    "throughput" : 16.876687668766877,
    "receivedKBytesPerSec" : 9.888684180918093,
    "sentKBytesPerSec" : 2.274397361611161
  },
  "About Us" : {
    "transaction" : "About Us",
    "sampleCount" : 150,
    "errorCount" : 0,
    "errorPct" : 0.0,
    "meanResTime" : 186.27333333333334,
    "medianResTime" : 110.5,
    "minResTime" : 28.0,
    "maxResTime" : 1790.0,
    "pct1ResTime" : 337.70000000000005,
    "pct2ResTime" : 576.8999999999997,
    "pct3ResTime" : 1661.4800000000023,
    "throughput" : 16.733601070950467,
    "receivedKBytesPerSec" : 984.3738016301315,
    "sentKBytesPerSec" : 4.444862784471218
  },
  "HomePage" : {
    "transaction" : "HomePage",
    "sampleCount" : 150,
    "errorCount" : 0,
    "errorPct" : 0.0,
    "meanResTime" : 867.44,
    "medianResTime" : 211.5,
    "minResTime" : 52.0,
    "maxResTime" : 5863.0,
    "pct1ResTime" : 3866.9,
    "pct2ResTime" : 3992.2999999999997,
    "pct3ResTime" : 5085.760000000014,
    "throughput" : 14.238253440911247,
    "receivedKBytesPerSec" : 1199.8286960132891,
    "sentKBytesPerSec" : 3.2536633839582345
  },
  "Students/feeStructure-0" : {
    "transaction" : "Students/feeStructure-0",
    "sampleCount" : 150,
    "errorCount" : 0,
    "errorPct" : 0.0,
    "meanResTime" : 29.633333333333333,
    "medianResTime" : 14.0,
    "minResTime" : 11.0,
    "maxResTime" : 298.0,
    "pct1ResTime" : 36.0,
    "pct2ResTime" : 148.199999999998,
    "pct3ResTime" : 295.96000000000004,
    "throughput" : 16.852039096730707,
    "receivedKBytesPerSec" : 10.137554769127064,
    "sentKBytesPerSec" : 2.4027321368385577
  },
  "Total" : {
    "transaction" : "Total",
    "sampleCount" : 1800,
    "errorCount" : 0,
    "errorPct" : 0.0,
    "meanResTime" : 260.55888888888836,
    "medianResTime" : 90.0,
    "minResTime" : 10.0,
    "maxResTime" : 5863.0,
    "pct1ResTime" : 461.40000000000055,
    "pct2ResTime" : 898.4999999999982,
    "pct3ResTime" : 3856.790000000002,
    "throughput" : 167.9261125104954,
    "receivedKBytesPerSec" : 9491.225605525236,
    "sentKBytesPerSec" : 29.135617828155613
  },
  "Gallery" : {
    "transaction" : "Gallery",
    "sampleCount" : 150,
    "errorCount" : 0,
    "errorPct" : 0.0,
    "meanResTime" : 307.4200000000001,
    "medianResTime" : 226.0,
    "minResTime" : 47.0,
    "maxResTime" : 2220.0,
    "pct1ResTime" : 585.7,
    "pct2ResTime" : 784.6499999999992,
    "pct3ResTime" : 1756.4100000000083,
    "throughput" : 16.75603217158177,
    "receivedKBytesPerSec" : 2220.9269751172924,
    "sentKBytesPerSec" : 4.450821045576408
  },
  "Students/feeStructure-1" : {
    "transaction" : "Students/feeStructure-1",
    "sampleCount" : 150,
    "errorCount" : 0,
    "errorPct" : 0.0,
    "meanResTime" : 173.2933333333333,
    "medianResTime" : 109.5,
    "minResTime" : 20.0,
    "maxResTime" : 1215.0,
    "pct1ResTime" : 404.30000000000007,
    "pct2ResTime" : 513.1499999999994,
    "pct3ResTime" : 1211.43,
    "throughput" : 16.801075268817204,
    "receivedKBytesPerSec" : 1056.466051327285,
    "sentKBytesPerSec" : 2.3298366095430105
  }
}