{
  "About Us-1" : {
    "transaction" : "About Us-1",
    "sampleCount" : 704,
    "errorCount" : 7,
    "errorPct" : 0.9943182,
    "meanResTime" : 11754.380681818186,
    "medianResTime" : 14445.0,
    "minResTime" : 178.0,
    "maxResTime" : 31243.0,
    "pct1ResTime" : 16792.5,
    "pct2ResTime" : 17121.25,
    "pct3ResTime" : 29425.50000000053,
    "throughput" : 3.0881391768179007,
    "receivedKBytesPerSec" : 178.2115463410047,
    "sentKBytesPerSec" : 0.40009380387245636
  },
  "Students/feeStructure" : {
    "transaction" : "Students/feeStructure",
    "sampleCount" : 1499,
    "errorCount" : 627,
    "errorPct" : 41.827885,
    "meanResTime" : 45738.45030020015,
    "medianResTime" : 54848.0,
    "minResTime" : 214.0,
    "maxResTime" : 123834.0,
    "pct1ResTime" : 79871.0,
    "pct2ResTime" : 89624.0,
    "pct3ResTime" : 110629.0,
    "throughput" : 5.323663845610197,
    "receivedKBytesPerSec" : 202.57485750253932,
    "sentKBytesPerSec" : 0.8709997052274189
  },
  "HomePage-0" : {
    "transaction" : "HomePage-0",
    "sampleCount" : 700,
    "errorCount" : 0,
    "errorPct" : 0.0,
    "meanResTime" : 45022.51000000005,
    "medianResTime" : 48181.0,
    "minResTime" : 263.0,
    "maxResTime" : 111399.0,
    "pct1ResTime" : 79861.9,
    "pct2ResTime" : 89779.2,
    "pct3ResTime" : 110857.93000000001,
    "throughput" : 6.196664424064304,
    "receivedKBytesPerSec" : 3.406955147215042,
    "sentKBytesPerSec" : 0.7201201820934103
  },
  "About Us-0" : {
    "transaction" : "About Us-0",
    "sampleCount" : 704,
    "errorCount" : 0,
    "errorPct" : 0.0,
    "meanResTime" : 49008.28267045454,
    "medianResTime" : 59283.0,
    "minResTime" : 40.0,
    "maxResTime" : 112146.0,
    "pct1ResTime" : 72187.0,
    "pct2ResTime" : 77870.25,
    "pct3ResTime" : 104859.15000000007,
    "throughput" : 3.31389245854104,
    "receivedKBytesPerSec" : 1.9442253864638792,
    "sentKBytesPerSec" : 0.4465987883580699
  },
  "HomePage-1" : {
    "transaction" : "HomePage-1",
    "sampleCount" : 700,
    "errorCount" : 0,
    "errorPct" : 0.0,
    "meanResTime" : 9201.201428571427,
    "medianResTime" : 8817.5,
    "minResTime" : 1039.0,
    "maxResTime" : 17975.0,
    "pct1ResTime" : 16109.5,
    "pct2ResTime" : 16753.75,
    "pct3ResTime" : 17392.13,
    "throughput" : 5.468707275724408,
    "receivedKBytesPerSec" : 451.33390681518114,
    "sentKBytesPerSec" : 0.614161461629206
  },
  "Gallery-1" : {
    "transaction" : "Gallery-1",
    "sampleCount" : 1109,
    "errorCount" : 5,
    "errorPct" : 0.45085663,
    "meanResTime" : 13815.570784490537,
    "medianResTime" : 15919.0,
    "minResTime" : 1.0,
    "maxResTime" : 23626.0,
    "pct1ResTime" : 17444.0,
    "pct2ResTime" : 17807.5,
    "pct3ResTime" : 19997.400000000012,
    "throughput" : 3.762229791160626,
    "receivedKBytesPerSec" : 494.25205248675246,
    "sentKBytesPerSec" : 0.490103368026814
  },
  "Gallery-0" : {
    "transaction" : "Gallery-0",
    "sampleCount" : 1109,
    "errorCount" : 0,
    "errorPct" : 0.0,
    "meanResTime" : 35874.19206492338,
    "medianResTime" : 40315.0,
    "minResTime" : 43.0,
    "maxResTime" : 103000.0,
    "pct1ResTime" : 59208.0,
    "pct2ResTime" : 63705.5,
    "pct3ResTime" : 82625.70000000001,
    "throughput" : 3.931648172439466,
    "receivedKBytesPerSec" : 2.3069787364395364,
    "sentKBytesPerSec" : 0.5298510232389123
  },
  "About Us" : {
    "transaction" : "About Us",
    "sampleCount" : 1499,
    "errorCount" : 802,
    "errorPct" : 53.502335,
    "meanResTime" : 50823.01667778525,
    "medianResTime" : 42050.0,
    "minResTime" : 1.0,
    "maxResTime" : 127112.0,
    "pct1ResTime" : 99333.0,
    "pct2ResTime" : 100723.0,
    "pct3ResTime" : 119178.0,
    "throughput" : 6.5481104835292525,
    "receivedKBytesPerSec" : 188.3233471167455,
    "sentKBytesPerSec" : 0.8128742420966185
  },
  "HomePage" : {
    "transaction" : "HomePage",
    "sampleCount" : 1500,
    "errorCount" : 800,
    "errorPct" : 53.333332,
    "meanResTime" : 52972.35333333337,
    "medianResTime" : 35831.5,
    "minResTime" : 3219.0,
    "maxResTime" : 126998.0,
    "pct1ResTime" : 111296.8,
    "pct2ResTime" : 111382.0,
    "pct3ResTime" : 124874.28,
    "throughput" : 11.679059446412582,
    "receivedKBytesPerSec" : 468.97441130240975,
    "sentKBytesPerSec" : 1.2454621987775918
  },
  "Students/feeStructure-0" : {
    "transaction" : "Students/feeStructure-0",
    "sampleCount" : 872,
    "errorCount" : 0,
    "errorPct" : 0.0,
    "meanResTime" : 44513.33600917437,
    "medianResTime" : 51591.0,
    "minResTime" : 41.0,
    "maxResTime" : 107001.0,
    "pct1ResTime" : 64757.2,
    "pct2ResTime" : 71566.29999999999,
    "pct3ResTime" : 95164.40999999997,
    "throughput" : 3.282279829411787,
    "receivedKBytesPerSec" : 1.9771063216822438,
    "sentKBytesPerSec" : 0.46798130380285247
  },
  "Total" : {
    "transaction" : "Total",
    "sampleCount" : 12767,
    "errorCount" : 2636,
    "errorPct" : 20.64698,
    "meanResTime" : 38132.64188924574,
    "medianResTime" : 21116.0,
    "minResTime" : 1.0,
    "maxResTime" : 159192.0,
    "pct1ResTime" : 80220.6,
    "pct2ResTime" : 99201.0,
    "pct3ResTime" : 111790.28,
    "throughput" : 42.74674720256072,
    "receivedKBytesPerSec" : 2037.8969951226873,
    "sentKBytesPerSec" : 5.927817361199467
  },
  "Gallery" : {
    "transaction" : "Gallery",
    "sampleCount" : 1499,
    "errorCount" : 395,
    "errorPct" : 26.3509,
    "meanResTime" : 51129.303535690495,
    "medianResTime" : 55225.0,
    "minResTime" : 486.0,
    "maxResTime" : 159192.0,
    "pct1ResTime" : 84519.0,
    "pct2ResTime" : 111255.0,
    "pct3ResTime" : 159178.0,
    "throughput" : 5.084027200732589,
    "receivedKBytesPerSec" : 499.78996180726307,
    "sentKBytesPerSec" : 0.9968757419152435
  },
  "Students/feeStructure-1" : {
    "transaction" : "Students/feeStructure-1",
    "sampleCount" : 872,
    "errorCount" : 0,
    "errorPct" : 0.0,
    "meanResTime" : 13001.55389908256,
    "medianResTime" : 15533.5,
    "minResTime" : 161.0,
    "maxResTime" : 18482.0,
    "pct1ResTime" : 16888.0,
    "pct2ResTime" : 17289.7,
    "pct3ResTime" : 17609.81,
    "throughput" : 3.0974708724069338,
    "receivedKBytesPerSec" : 194.81039174614594,
    "sentKBytesPerSec" : 0.4295320936345553
  }
}